image,group_id,original_split,assigned_split,class_ids,timestamp
camera_20260901_151149_854447_jpg.rf.30ef993250e16efcab237bcd5286b94e.jpg,0,train,train,,2026-09-01T15:11:49.854447
camera_20260901_151151_774580_jpg.rf.665e2c79939284a4cda214b2b0dfeb6b.jpg,0,train,train,,2026-09-01T15:11:51.774580
camera_20260901_151153_167680_jpg.rf.2ebe63bd20a8caa242c6617ba1de4636.jpg,0,train,train,,2026-09-01T15:11:53.167680
camera_20260901_151154_239877_jpg.rf.608ce19a0534f380b87994084829028e.jpg,0,train,train,,2026-09-01T15:11:54.239877
camera_20260901_151155_630269_jpg.rf.71d7b7e43cbc3a67e2370792002c5f35.jpg,0,train,train,,2026-09-01T15:11:55.630269
camera_20260901_151157_487938_jpg.rf.68a67b64d2c11fe2c1129a594a1cc3a9.jpg,0,train,train,,2026-09-01T15:11:57.487938
camera_20260901_151158_446104_jpg.rf.0605bb0eb3366b96fb7f60986bac1d15.jpg,0,train,train,,2026-09-01T15:11:58.446104
camera_20260901_151202_509963_jpg.rf.7ac0dfc4145dced67a2459557a8daf34.jpg,0,train,train,,2026-09-01T15:12:02.509963
camera_20260901_151203_615562_jpg.rf.fb051947ee5d7beab60fb4aca80b4a12.jpg,0,train,train,,2026-09-01T15:12:03.615562
camera_20260901_151204_830339_jpg.rf.d7aa4aa4e4f3885e5adcdc0835cb94f8.jpg,0,train,train,,2026-09-01T15:12:04.830339
camera_20260901_151207_359473_jpg.rf.d1194ff356e3008f137738914aedfd4b.jpg,0,train,train,,2026-09-01T15:12:07.359473
camera_20260901_151208_480072_jpg.rf.ab9e36c0419c197ee2d142cccbb84edb.jpg,0,train,train,,2026-09-01T15:12:08.480072
camera_20260901_151214_319643_jpg.rf.8ccefd7398792016102b71fb04567f11.jpg,0,train,train,,2026-09-01T15:12:14.319643
camera_20260901_151215_567891_jpg.rf.e19dc738e20d30932d512fc2ae9919ae.jpg,0,train,train,,2026-09-01T15:12:15.567891
camera_20260901_151216_671456_jpg.rf.edfa4b0cc9de65cbd6c5ef492a3c4807.jpg,0,train,train,,2026-09-01T15:12:16.671456
camera_20260901_151218_494447_jpg.rf.cf8b91a0e6cd7329fe06a87bbc71aee1.jpg,0,train,train,,2026-09-01T15:12:18.494447
camera_20260901_151220_014252_jpg.rf.3526bd431d0d51f34fe4dd490bd9fc1c.jpg,0,train,train,,2026-09-01T15:12:20.014252
camera_20260901_151221_070257_jpg.rf.cffec1dddcc33fd1fd150624fe397836.jpg,0,train,train,,2026-09-01T15:12:21.070257
camera_20260901_151222_335406_jpg.rf.61eaf34f4ea499491b4d7d72cfcf1a4c.jpg,0,train,train,,2026-09-01T15:12:22.335406
camera_20260901_151225_454473_jpg.rf.3aad51bdc70ecd1cccc0a3d13fd25760.jpg,0,train,train,,2026-09-01T15:12:25.454473
camera_20260901_151230_911257_jpg.rf.1e853c975cd448e86433d0a747bbdc0c.jpg,0,train,train,,2026-09-01T15:12:30.911257
camera_20260901_151231_919515_jpg.rf.5ef2d99232221bb374ffd62ad346529b.jpg,0,train,train,,2026-09-01T15:12:31.919515
camera_20260901_151232_670356_jpg.rf.33a08e10888c8b12278447d6fab6723f.jpg,0,train,train,,2026-09-01T15:12:32.670356
camera_20260901_151236_749222_jpg.rf.215f2feaf7906da0b53207e7121b5aa4.jpg,0,train,train,,2026-09-01T15:12:36.749222
camera_20260901_151237_519234_jpg.rf.ba1107c976b109088ec7124a7b93e570.jpg,0,train,train,,2026-09-01T15:12:37.519234
camera_20260901_151238_543455_jpg.rf.965797b01ed1e242a9ea9a714e1937dd.jpg,0,train,train,,2026-09-01T15:12:38.543455
camera_20260901_151239_231908_jpg.rf.65db61c2ac68683419264416f2ab2ae1.jpg,0,train,train,,2026-09-01T15:12:39.231908
camera_20260901_151240_094894_jpg.rf.6ef52bfe9195847e1fbb493d27221250.jpg,0,train,train,,2026-09-01T15:12:40.094894
camera_20260901_151247_230259_jpg.rf.31919b67af8370fce78c3f6b82130eaa.jpg,0,train,train,,2026-09-01T15:12:47.230259
camera_20260901_151248_878193_jpg.rf.d75818a4f24ab6f26502a8009e566855.jpg,0,train,train,,2026-09-01T15:12:48.878193
camera_20260901_151251_295051_jpg.rf.d3cf366e013c0ea1c980971d5a8c7a18.jpg,0,train,train,,2026-09-01T15:12:51.295051
camera_20260901_151252_861376_jpg.rf.9157f58e1876d1270d1b5eec56de540e.jpg,0,train,train,,2026-09-01T15:12:52.861376
camera_20260901_151257_006305_jpg.rf.99f96b714ceebadaac0f5577c0b0ff30.jpg,0,train,train,,2026-09-01T15:12:57.006305
camera_20260901_151258_222353_jpg.rf.0858960651001f57c48948e15551c3a2.jpg,0,train,train,,2026-09-01T15:12:58.222353
camera_20260901_151259_326245_jpg.rf.55ec6cf22929d8b1c9942e210cf89d63.jpg,0,train,train,,2026-09-01T15:12:59.326245
camera_20260901_151300_318157_jpg.rf.795a3f7624a50ddd3ae625aeb70a0fd8.jpg,0,train,train,,2026-09-01T15:13:00.318157
camera_20260901_151305_884959_jpg.rf.825ca7ff9c7733012bde4e0233b9d0cb.jpg,0,train,train,,2026-09-01T15:13:05.884959
camera_20260901_151307_313731_jpg.rf.5dc1da2b755e2f6cbe92060303732172.jpg,0,train,train,,2026-09-01T15:13:07.313731
camera_20260901_151308_430543_jpg.rf.a61a2be54a6b03cea8021ba1da66d240.jpg,0,train,train,,2026-09-01T15:13:08.430543
camera_20260901_151311_582951_jpg.rf.7d7df6dcd26bf94b48ab56f47a471946.jpg,0,train,train,,2026-09-01T15:13:11.582951
camera_20260901_151312_543335_jpg.rf.cd030aff449de10b1ffe0c18c85c31da.jpg,0,train,train,,2026-09-01T15:13:12.543335
camera_20260901_151313_630653_jpg.rf.edf3e4ee489825b4cd0b60a2ce3accf3.jpg,0,train,train,,2026-09-01T15:13:13.630653
camera_20260901_151314_957297_jpg.rf.67a579c133131430a15a0091bdf6e7f6.jpg,0,train,train,,2026-09-01T15:13:14.957297
camera_20260901_150801_423357_jpg.rf.bf52cb3cad6bdf0d38d8478b778dbdd4.jpg,1,val,val,59,2026-09-01T15:08:01.423357
camera_20260901_150802_702644_jpg.rf.4c16e095105831991bdf4368100c9093.jpg,1,val,val,59,2026-09-01T15:08:02.702644
camera_20260901_150803_840041_jpg.rf.b652a9de89ef7a5f0da194e8ee03475d.jpg,1,val,val,59,2026-09-01T15:08:03.840041
camera_20260901_150804_893032_jpg.rf.9aaf5977b307758c0e64d4cfc40e99ac.jpg,1,val,val,59,2026-09-01T15:08:04.893032
camera_20260901_150806_655900_jpg.rf.85c3866b9fadef8671e0b1b7a3464223.jpg,1,val,val,59,2026-09-01T15:08:06.655900
camera_20260901_150808_382452_jpg.rf.d82ffc1bda4f10858630111adc56a8e2.jpg,1,val,val,59,2026-09-01T15:08:08.382452
camera_20260901_150809_807515_jpg.rf.280a49ac18dcd603a6c2be7316da2441.jpg,1,val,val,59,2026-09-01T15:08:09.807515
camera_20260901_150814_078252_jpg.rf.158702280a18e83c7feafb8630c2fdae.jpg,1,val,val,59,2026-09-01T15:08:14.078252
camera_20260901_150818_717624_jpg.rf.0d7e8bc00c2c6c631667488b046bf2ee.jpg,1,val,val,59,2026-09-01T15:08:18.717624
camera_20260901_150820_765879_jpg.rf.55e42e31a867b9d28ee8a1a5247d5b9c.jpg,1,val,val,59,2026-09-01T15:08:20.765879
camera_20260901_150821_805286_jpg.rf.4e88ece6e1fb78f8d11217d7327f91b0.jpg,1,val,val,59,2026-09-01T15:08:21.805286
camera_20260901_150824_750891_jpg.rf.c1ba8f602b2f103046cd4210e8267a42.jpg,1,val,val,59,2026-09-01T15:08:24.750891
camera_20260901_150825_933943_jpg.rf.3a24ebc511c046aacc47fa7e98d329f2.jpg,1,val,val,59,2026-09-01T15:08:25.933943
camera_20260901_150827_232118_jpg.rf.bad62dbf5aad5baa925e6f968b38e755.jpg,1,val,val,59,2026-09-01T15:08:27.232118
camera_20260901_150829_230413_jpg.rf.b0032310e4633044381346c0c19e5985.jpg,1,val,val,59,2026-09-01T15:08:29.230413
camera_20260901_150830_782858_jpg.rf.8326c4ad8a407648fa2829cd5105ab5c.jpg,1,val,val,59,2026-09-01T15:08:30.782858
camera_20260901_150832_271815_jpg.rf.98c5342b04868f4f11c0a5883b58e39e.jpg,1,val,val,59,2026-09-01T15:08:32.271815
camera_20260901_150833_758101_jpg.rf.ffb05ae98e9837ed598d639f76c7e3e9.jpg,1,val,val,59,2026-09-01T15:08:33.758101
camera_20260901_150838_079785_jpg.rf.463475d12776e8f8507c6fdeceb8f00b.jpg,1,val,val,59,2026-09-01T15:08:38.079785
camera_20260901_150839_230414_jpg.rf.3c07cdceacb1a39d4b88f4ce6bebf924.jpg,1,val,val,59,2026-09-01T15:08:39.230414
camera_20260901_150840_399597_jpg.rf.407d6680eb228a822d374cfc4c454884.jpg,1,val,val,59,2026-09-01T15:08:40.399597
camera_20260901_150841_390521_jpg.rf.9ee440bd4883a89d6a3a4d6821c9b25b.jpg,1,val,val,59,2026-09-01T15:08:41.390521
camera_20260901_150842_845910_jpg.rf.0c3ef5cef8a8de916bf56b1b6aeb010c.jpg,1,val,val,59,2026-09-01T15:08:42.845910
camera_20260901_150843_869925_jpg.rf.cc2658db772976fb725fe38efa32440e.jpg,1,val,val,59,2026-09-01T15:08:43.869925
camera_20260901_150845_630809_jpg.rf.c2ba869b5b83105e860d27570c4a434d.jpg,1,val,val,59,2026-09-01T15:08:45.630809
camera_20260901_150851_022702_jpg.rf.fdbd10ba8beb86d9a9b5e033b9d95082.jpg,1,val,val,59,2026-09-01T15:08:51.022702
camera_20260901_150852_591940_jpg.rf.ee9d8c6b61c309c7549061bbde3fa324.jpg,1,val,val,59,2026-09-01T15:08:52.591940
camera_20260901_150637_468695_jpg.rf.fac9b4b0a279aff9fda7496d38a59820.jpg,2,test,test,57,2026-09-01T15:06:37.468695
camera_20260901_150639_167690_jpg.rf.8bba4d1e69da3addac4087f23de27795.jpg,2,test,test,57,2026-09-01T15:06:39.167690
camera_20260901_150640_592544_jpg.rf.7ca6d49812e3daaebfbf308faad0d6e2.jpg,2,test,test,57,2026-09-01T15:06:40.592544
camera_20260901_150641_774715_jpg.rf.bf99c60bb48a757d2d80bba723276f79.jpg,2,test,test,57,2026-09-01T15:06:41.774715
camera_20260901_150643_247765_jpg.rf.74c81735f85e1fdcedf287faefdabe92.jpg,2,test,test,57,2026-09-01T15:06:43.247765
camera_20260901_150644_303870_jpg.rf.a1bbc74b0e6d194e2b47c2799d43fbc8.jpg,2,test,test,57,2026-09-01T15:06:44.303870
camera_20260901_150645_950598_jpg.rf.98d9c4a994ff8843b27db7385db2005a.jpg,2,test,test,57,2026-09-01T15:06:45.950598
camera_20260901_150647_149706_jpg.rf.b25ec92963c731235e80f1cf6dc7f1fa.jpg,2,test,test,57,2026-09-01T15:06:47.149706
camera_20260901_150648_702277_jpg.rf.8dc68642a41ba0c607bcf259639d8804.jpg,2,test,test,57,2026-09-01T15:06:48.702277
camera_20260901_150651_886425_jpg.rf.0d8b3938603a7cda2522a3b89a9fc5d3.jpg,2,test,test,57,2026-09-01T15:06:51.886425
camera_20260901_150653_902316_jpg.rf.b9ff74006fb16dd7e0d6e81d7c43d479.jpg,2,test,test,57,2026-09-01T15:06:53.902316
camera_20260901_150655_070490_jpg.rf.bb5f62d5a86a4c71749ed446cf257f15.jpg,2,test,test,57,2026-09-01T15:06:55.070490
camera_20260901_150656_271214_jpg.rf.7394b79464ade27e77291f57f1e35259.jpg,2,test,test,57,2026-09-01T15:06:56.271214
camera_20260901_150657_695100_jpg.rf.9a37b2d781d482cb621ff57c00ec2630.jpg,2,test,test,57,2026-09-01T15:06:57.695100
camera_20260901_150658_591514_jpg.rf.2d4d73d1c59a65b02f094a0d08de1b1f.jpg,2,test,test,57,2026-09-01T15:06:58.591514
camera_20260901_150659_902252_jpg.rf.5c4e1e215aa0bd914c6c558d2efa5993.jpg,2,test,test,57,2026-09-01T15:06:59.902252
camera_20260901_150701_104905_jpg.rf.af11127150f419d0fa5c16571085466a.jpg,2,test,test,57,2026-09-01T15:07:01.104905
camera_20260901_150702_798330_jpg.rf.f97b6ed107312bd9a2319227976d47e0.jpg,2,test,test,57,2026-09-01T15:07:02.798330
camera_20260901_150708_335213_jpg.rf.b2ae99f7e1b130174135cb1d88e3f4f5.jpg,2,test,test,57,2026-09-01T15:07:08.335213
camera_20260901_150709_553156_jpg.rf.9a227b2b594e72ef3e47fcf5921f301a.jpg,2,test,test,57,2026-09-01T15:07:09.553156
camera_20260901_150712_701986_jpg.rf.90beea258885ffa3c26438716f611df7.jpg,2,test,test,57,2026-09-01T15:07:12.701986
camera_20260901_150713_759190_jpg.rf.8604c7c1bc00cba4c962a919b8c2bbbe.jpg,2,test,test,57,2026-09-01T15:07:13.759190
camera_20260901_150715_888578_jpg.rf.e2b6f286a872f1961e49bd39a3dcd094.jpg,2,test,test,57,2026-09-01T15:07:15.888578
camera_20260901_150719_167350_jpg.rf.0a2498c522f8a5c27ea12bfc16b77dcf.jpg,2,test,test,57,2026-09-01T15:07:19.167350
camera_20260901_150720_254656_jpg.rf.5be8fcfdf80adc18e270d648da922ab1.jpg,2,test,test,57,2026-09-01T15:07:20.254656
camera_20260901_150721_709843_jpg.rf.767cd5203b4e5289f0d2a21f084269c4.jpg,2,test,test,57,2026-09-01T15:07:21.709843
camera_20260901_150045_977482_jpg.rf.6bcdf2f6219edc3f0f698cc9d131f713.jpg,3,train,train,13,2026-09-01T15:00:45.977482
camera_20260901_150047_113314_jpg.rf.b62aaa0ebb4d03bece6375d992df399c.jpg,3,train,train,13,2026-09-01T15:00:47.113314
camera_20260901_150048_628425_jpg.rf.1b2119695754787d5c2d4676ec70d379.jpg,3,train,train,13,2026-09-01T15:00:48.628425
camera_20260901_150049_653126_jpg.rf.b1523020525acbe1d073b6d513c24dd2.jpg,3,train,train,13,2026-09-01T15:00:49.653126
camera_20260901_150050_885270_jpg.rf.1d909020a34cc30bc6e6639b7a698e23.jpg,3,train,train,13,2026-09-01T15:00:50.885270
camera_20260901_150053_110964_jpg.rf.28b953d9c36959f9712b039f499f0e32.jpg,3,train,train,13,2026-09-01T15:00:53.110964
camera_20260901_150054_564377_jpg.rf.d7e824b1c0b3d70fb5c1196a05b0e99b.jpg,3,train,train,13,2026-09-01T15:00:54.564377
camera_20260901_150056_309141_jpg.rf.405ea65ea40e1cbc7107270959963153.jpg,3,train,train,13,2026-09-01T15:00:56.309141
camera_20260901_150059_461896_jpg.rf.920e2fc022ce47be9343b546764afda8.jpg,3,train,train,13,2026-09-01T15:00:59.461896
camera_20260901_150100_854612_jpg.rf.86ae110257167e413f982d23c0a0ca1e.jpg,3,train,train,13,2026-09-01T15:01:00.854612
camera_20260901_150104_599994_jpg.rf.510fe037987fe1cb9d0d9c18d3ca047f.jpg,3,train,train,13,2026-09-01T15:01:04.599994
camera_20260901_150105_893879_jpg.rf.ea486dfcdf850d5b3bdff5c7895a7af5.jpg,3,train,train,13,2026-09-01T15:01:05.893879
camera_20260901_150107_588228_jpg.rf.63995fde91a079ee81ad64c18d491159.jpg,3,train,train,13,2026-09-01T15:01:07.588228
camera_20260901_150108_710102_jpg.rf.e29792bcdd3cea9453707b36c16d6520.jpg,3,train,train,13,2026-09-01T15:01:08.710102
camera_20260901_150109_975117_jpg.rf.a8ce6a6c60605f179d56f972d8af0f19.jpg,3,train,train,13,2026-09-01T15:01:09.975117
camera_20260901_150113_127217_jpg.rf.d41969286a49ae2d9df38d517cf229d2.jpg,3,train,train,13,2026-09-01T15:01:13.127217
camera_20260901_150114_278766_jpg.rf.1fe00439985db8bb8fef7b603793def9.jpg,3,train,train,13,2026-09-01T15:01:14.278766
camera_20260901_150116_006282_jpg.rf.a986ac6d411e74a0623ca1c11c5227ff.jpg,3,train,train,13,2026-09-01T15:01:16.006282
camera_20260901_150117_253637_jpg.rf.e5e4ac68391669adde8b28d72a43603e.jpg,3,train,train,13,2026-09-01T15:01:17.253637
camera_20260901_150119_347963_jpg.rf.09975796a482c7eff080c825ba82a3c7.jpg,3,train,train,13,2026-09-01T15:01:19.347963
camera_20260901_150120_437284_jpg.rf.ae50e711c15f0872d8fa7b80ee155688.jpg,3,train,train,13,2026-09-01T15:01:20.437284
camera_20260901_150122_293477_jpg.rf.df71e0d2da009870fef05531a02efc09.jpg,3,train,train,13,2026-09-01T15:01:22.293477
camera_20260901_150123_429713_jpg.rf.6308ca2081841dffbad1ebde68cd50ca.jpg,3,train,train,13,2026-09-01T15:01:23.429713
camera_20260901_150126_935128_jpg.rf.d986f1c069a3354911389ae4e75c1e23.jpg,3,train,train,13,2026-09-01T15:01:26.935128
camera_20260901_150130_453386_jpg.rf.0206663f2d4c0d3edc26d3bd908d24a5.jpg,3,train,train,13,2026-09-01T15:01:30.453386
camera_20260901_151000_461828_jpg.rf.c190b64d978debc44354c8e5658ef013.jpg,4,train,train,47,2026-09-01T15:10:00.461828
camera_20260901_151002_079744_jpg.rf.6607fb1b2b56925bf6a0d66bcdfc1d2f.jpg,4,train,train,47,2026-09-01T15:10:02.079744
camera_20260901_151004_238113_jpg.rf.372262b8188c4d9b0ea50b77b297396a.jpg,4,train,train,47,2026-09-01T15:10:04.238113
camera_20260901_151007_119398_jpg.rf.97d9b0c2cd6109c7470774a58cbff1c0.jpg,4,train,train,47,2026-09-01T15:10:07.119398
camera_20260901_151008_110320_jpg.rf.159c38cf22b572413a6fc1cd4c6c1dc4.jpg,4,train,train,47,2026-09-01T15:10:08.110320
camera_20260901_151009_311536_jpg.rf.cbf412aa7c44ae72a1aa9d215ced7984.jpg,4,train,train,47,2026-09-01T15:10:09.311536
camera_20260901_151010_462896_jpg.rf.29355a264603e2ba43282874e6db8c62.jpg,4,train,train,47,2026-09-01T15:10:10.462896
camera_20260901_151013_311744_jpg.rf.664089f5e11da4fd58c1047d8ec2f7d8.jpg,4,train,train,47,2026-09-01T15:10:13.311744
camera_20260901_151014_382751_jpg.rf.a9f8872fcc1211e01b581cfd919ef0da.jpg,4,train,train,47,2026-09-01T15:10:14.382751
camera_20260901_151015_502152_jpg.rf.d8a023928274d5d68ee87a286a9519bf.jpg,4,train,train,47,2026-09-01T15:10:15.502152
camera_20260901_151016_607649_jpg.rf.0693d089697bc8eda2b8525a084d5c55.jpg,4,train,train,47,2026-09-01T15:10:16.607649
camera_20260901_151017_663591_jpg.rf.995b913d16de262b0c78acdced4f00e3.jpg,4,train,train,47,2026-09-01T15:10:17.663591
camera_20260901_151018_686288_jpg.rf.2f9a983a57bf2e362ccf2063cbede644.jpg,4,train,train,47,2026-09-01T15:10:18.686288
camera_20260901_151019_887176_jpg.rf.889e026ced2b978b15720d7ce76ea2c6.jpg,4,train,train,47,2026-09-01T15:10:19.887176
camera_20260901_151021_501172_jpg.rf.11e40ca88b02dab22e71010356e21736.jpg,4,train,train,47,2026-09-01T15:10:21.501172
camera_20260901_151022_621416_jpg.rf.0e50210851ebd0af0a7d884d1df17bec.jpg,4,train,train,47,2026-09-01T15:10:22.621416
camera_20260901_151023_759488_jpg.rf.7816208a205e49607ee4bdb9019b04e2.jpg,4,train,train,47,2026-09-01T15:10:23.759488
camera_20260901_150534_830632_jpg.rf.33962df64800bb2d7bada9acc2ae4862.jpg,5,train,train,5,2026-09-01T15:05:34.830632
camera_20260901_150536_192727_jpg.rf.80144f715ce59b8462a0277443dffb98.jpg,5,train,train,5,2026-09-01T15:05:36.192727
camera_20260901_150539_214368_jpg.rf.270006dc553eeef79921733cfbf10277.jpg,5,train,train,5,2026-09-01T15:05:39.214368
camera_20260901_150540_862813_jpg.rf.fe006552e3a6767e65a2514ebeec4c9e.jpg,5,train,train,5,2026-09-01T15:05:40.862813
camera_20260901_150542_751467_jpg.rf.26fbf8b75a627bc8da0bfe067784115a.jpg,5,train,train,5,2026-09-01T15:05:42.751467
camera_20260901_150545_870326_jpg.rf.c703bc9820b20b79dde13739269ab6f8.jpg,5,train,train,5,2026-09-01T15:05:45.870326
camera_20260901_150547_470686_jpg.rf.a8dba9f20b8d75aacbcf0ca4a6658208.jpg,5,train,train,5,2026-09-01T15:05:47.470686
camera_20260901_150550_670827_jpg.rf.f4a3c7909e5d0f2b325e07028d68778b.jpg,5,train,train,5,2026-09-01T15:05:50.670827
camera_20260901_150554_525839_jpg.rf.5bbb84a08ee30fd90f7da955d165d1e4.jpg,5,train,train,5,2026-09-01T15:05:54.525839
camera_20260901_150555_885576_jpg.rf.095a1d2b6086eaa71a7a75aecb9be6d0.jpg,5,train,train,5,2026-09-01T15:05:55.885576
camera_20260901_150556_750148_jpg.rf.5c7ee3e7dbf65c5412f1864723135182.jpg,5,train,train,5,2026-09-01T15:05:56.750148
camera_20260901_150558_029716_jpg.rf.9403fcdd98c95613bf3b80cd1367ea16.jpg,5,train,train,5,2026-09-01T15:05:58.029716
camera_20260901_150559_167802_jpg.rf.212e77ccf75e49e282912ca2bb4721a3.jpg,5,train,train,5,2026-09-01T15:05:59.167802
camera_20260901_150600_557977_jpg.rf.a23bc2993d8da0a56fa78cac045d22f8.jpg,5,train,train,5,2026-09-01T15:06:00.557977
camera_20260901_150601_421910_jpg.rf.100596f2e92bc7f64745d37a2931128a.jpg,5,train,train,5,2026-09-01T15:06:01.421910
camera_20260901_150602_047399_jpg.rf.423acfa1b2c762bf625da861cf9a6209.jpg,5,train,train,5,2026-09-01T15:06:02.047399
camera_20260901_145055_045617_jpg.rf.252c5e8a33d706d9a08fa3156f7fc889.jpg,6,train,train,46,2026-09-01T14:50:55.045617
camera_20260901_145057_205407_jpg.rf.e3b406964b84ff182d96144ce361ba0a.jpg,6,train,train,46,2026-09-01T14:50:57.205407
camera_20260901_145059_813364_jpg.rf.5ee69ff59b97ac6bedf081027904d880.jpg,6,train,train,46,2026-09-01T14:50:59.813364
camera_20260901_145102_596773_jpg.rf.0b4c74bfc8f4b7fa6e35d100e854e0eb.jpg,6,train,train,46,2026-09-01T14:51:02.596773
camera_20260901_145104_053353_jpg.rf.d6b1a7de64918530826ca5fdc8b914ad.jpg,6,train,train,46,2026-09-01T14:51:04.053353
camera_20260901_145106_455127_jpg.rf.f29386c660687a4fb3ab7667eed2ff21.jpg,6,train,train,46,2026-09-01T14:51:06.455127
camera_20260901_145107_701427_jpg.rf.8cf9ce2d3f1580ce80d448dc9dd53339.jpg,6,train,train,46,2026-09-01T14:51:07.701427
camera_20260901_145112_644607_jpg.rf.481727bde338d108cbd9bd3ec435f2a5.jpg,6,train,train,46,2026-09-01T14:51:12.644607
camera_20260901_145114_038943_jpg.rf.c1553d075e46a0deb3a185d930869060.jpg,6,train,train,46,2026-09-01T14:51:14.038943
camera_20260901_145115_797623_jpg.rf.77ca4b1ce58ac64453e5c9ae87260c11.jpg,6,train,train,46,2026-09-01T14:51:15.797623
camera_20260901_145117_542199_jpg.rf.1cf09c13d8a1fb626e898a9919c57c4f.jpg,6,train,train,46,2026-09-01T14:51:17.542199
camera_20260901_145119_575389_jpg.rf.2d793e0d6857d445aa368cec26b33440.jpg,6,train,train,46,2026-09-01T14:51:19.575389
camera_20260901_145120_630614_jpg.rf.f6fc98cd5f046e2a292006b47059c511.jpg,6,train,train,46,2026-09-01T14:51:20.630614
camera_20260901_145121_861633_jpg.rf.763a419a2fcdc354b68b89ea5b046247.jpg,6,train,train,46,2026-09-01T14:51:21.861633
camera_20260901_145125_862592_jpg.rf.43ffffc72c4ce83e55e939bf63302944.jpg,6,train,train,46,2026-09-01T14:51:25.862592
camera_20260901_145131_574309_jpg.rf.45b4adb6925f137ab20699c600242980.jpg,6,train,train,46,2026-09-01T14:51:31.574309
camera_20260901_145211_270070_jpg.rf.591247a376c3e0fa2051eb8c100e4068.jpg,7,train,train,48,2026-09-01T14:52:11.270070
camera_20260901_145212_261064_jpg.rf.c7d42b3d6d3571f6556cf80d854c692e.jpg,7,train,train,48,2026-09-01T14:52:12.261064
camera_20260901_145213_400367_jpg.rf.9939e1be3ba93e6e9f0703b415afbd24.jpg,7,train,train,48,2026-09-01T14:52:13.400367
camera_20260901_145214_949594_jpg.rf.b8ef63fb52f75974f2b8ae76d9a10012.jpg,7,train,train,48,2026-09-01T14:52:14.949594
camera_20260901_145216_246065_jpg.rf.66a794d3190b36c7690e6cae2b986e85.jpg,7,train,train,48,2026-09-01T14:52:16.246065
camera_20260901_145217_461918_jpg.rf.73610ad22296995ff8fafa8bf09f2c99.jpg,7,train,train,48,2026-09-01T14:52:17.461918
camera_20260901_145219_029681_jpg.rf.7cbdddfca563c81447cd2f00cbf45311.jpg,7,train,train,48,2026-09-01T14:52:19.029681
camera_20260901_145222_934869_jpg.rf.380c6392755f005f3386ec538abf472d.jpg,7,train,train,48,2026-09-01T14:52:22.934869
camera_20260901_145223_957595_jpg.rf.5354523c4337c911dcf7340ea6d81432.jpg,7,train,train,48,2026-09-01T14:52:23.957595
camera_20260901_145225_254571_jpg.rf.511ab8f4bbb5de1eff9855ee4fb4606c.jpg,7,train,train,48,2026-09-01T14:52:25.254571
camera_20260901_145226_775239_jpg.rf.7f71c2485f38448d7486f3e8c11519aa.jpg,7,train,train,48,2026-09-01T14:52:26.775239
camera_20260901_145232_775174_jpg.rf.d8acdc7b5cb53dcd87b08a56d5ce61e8.jpg,7,train,train,48,2026-09-01T14:52:32.775174
camera_20260901_145233_765653_jpg.rf.a37f745a17b48a733fc0c4051b96a6f9.jpg,7,train,train,48,2026-09-01T14:52:33.765653
camera_20260901_145235_333758_jpg.rf.bb90f3f9624a194acdae737950790507.jpg,7,train,train,48,2026-09-01T14:52:35.333758
camera_20260901_132146_202125_jpg.rf.5cb44849c8e808ba9cbbeedfd6af98aa.jpg,8,test,test,50,2026-09-01T13:21:46.202125
camera_20260901_132148_168546_jpg.rf.a9ec5325427517fd78c8826b17556bc1.jpg,8,test,test,50,2026-09-01T13:21:48.168546
camera_20260901_132149_849478_jpg.rf.8645db33e92327dd56b49395bf582060.jpg,8,test,test,50,2026-09-01T13:21:49.849478
camera_20260901_132152_234772_jpg.rf.285b39e128f438efde38e64ef0827135.jpg,8,test,test,50,2026-09-01T13:21:52.234772
camera_20260901_132158_906037_jpg.rf.0f1484535bb26fe7a9355a92f379e678.jpg,8,test,test,50,2026-09-01T13:21:58.906037
camera_20260901_132200_652489_jpg.rf.0d7fe40c312d1fa7db60bc03038b35ad.jpg,8,test,test,50,2026-09-01T13:22:00.652489
camera_20260901_132202_938960_jpg.rf.312a1cbf72d7a849e30bc13b00e4aec0.jpg,8,test,test,50,2026-09-01T13:22:02.938960
camera_20260901_132204_265558_jpg.rf.cc596f5f6e38935d5ef2793a28fcfc00.jpg,8,test,test,50,2026-09-01T13:22:04.265558
camera_20260901_132209_243160_jpg.rf.7f7cc920774860323965426bab12284e.jpg,8,test,test,50,2026-09-01T13:22:09.243160
camera_20260901_132210_795437_jpg.rf.641da8704255380cc098acb495369d1b.jpg,8,test,test,50,2026-09-01T13:22:10.795437
camera_20260901_132211_963051_jpg.rf.cf95efe3368b2db0fc69be1354ce0874.jpg,8,test,test,50,2026-09-01T13:22:11.963051
camera_20260901_132213_147244_jpg.rf.94a02c9bc12a4869385d4ffaab0731cb.jpg,8,test,test,50,2026-09-01T13:22:13.147244
camera_20260901_150451_199474_jpg.rf.e556f49034b096f26f71d69a38bed1d5.jpg,9,train,train,38,2026-09-01T15:04:51.199474
camera_20260901_150452_158507_jpg.rf.813395f277efa604c0650a1edac1567a.jpg,9,train,train,38,2026-09-01T15:04:52.158507
camera_20260901_150453_119287_jpg.rf.323156746e9f38bb35337ec2d2c76fc2.jpg,9,train,train,38,2026-09-01T15:04:53.119287
camera_20260901_150454_606502_jpg.rf.425f14f725f167406b007cc4e42f3842.jpg,9,train,train,38,2026-09-01T15:04:54.606502
camera_20260901_150456_894897_jpg.rf.6302ad1af11ae7caba9b6d9cd12c8bd6.jpg,9,train,train,38,2026-09-01T15:04:56.894897
camera_20260901_150459_472347_jpg.rf.73b213766bbb234289c02d1a8afe508c.jpg,9,train,train,38,2026-09-01T15:04:59.472347
camera_20260901_150505_742195_jpg.rf.be9ca671d5253a4f860c93219ca76392.jpg,9,train,train,38,2026-09-01T15:05:05.742195
camera_20260901_150508_030229_jpg.rf.42e43f44602b35416de05089fe390411.jpg,9,train,train,38,2026-09-01T15:05:08.030229
camera_20260901_150509_677759_jpg.rf.c348442030a0fbfcd1895584c8b0398b.jpg,9,train,train,38,2026-09-01T15:05:09.677759
camera_20260901_150513_359286_jpg.rf.da08de4db67dfc273fe5bed963615f7a.jpg,9,train,train,38,2026-09-01T15:05:13.359286
camera_20260901_150514_880420_jpg.rf.6f7a1d71b1170c54e3333f778a2e1274.jpg,9,train,train,38,2026-09-01T15:05:14.880420
camera_20260901_150516_110389_jpg.rf.3564bcf15aff24686287dedb9e2938f4.jpg,9,train,train,38,2026-09-01T15:05:16.110389
camera_20260901_145855_126425_jpg.rf.47f518bde07bb314b9b2ccd6f327d6f6.jpg,10,val,val,9,2026-09-01T14:58:55.126425
camera_20260901_145856_453694_jpg.rf.df3541f1b9320ee36120d9091c96c724.jpg,10,val,val,9,2026-09-01T14:58:56.453694
camera_20260901_145858_502658_jpg.rf.b786f452a215261050812adc5b6b0534.jpg,10,val,val,9,2026-09-01T14:58:58.502658
camera_20260901_145901_093127_jpg.rf.69284ee3e72a942529c9746343260e27.jpg,10,val,val,9,2026-09-01T14:59:01.093127
camera_20260901_145904_294184_jpg.rf.04eb685f2fc7a7dcd3d3df2a3e75aecd.jpg,10,val,val,9,2026-09-01T14:59:04.294184
camera_20260901_145909_268814_jpg.rf.c875a7eda534ab99714d2699176bbfc7.jpg,10,val,val,9,2026-09-01T14:59:09.268814
camera_20260901_145910_631473_jpg.rf.b45fa2be422235eca22b92cdb1e8d6b6.jpg,10,val,val,9,2026-09-01T14:59:10.631473
camera_20260901_145912_613660_jpg.rf.c9b1e7906fbaf5109294f57c30a93709.jpg,10,val,val,9,2026-09-01T14:59:12.613660
camera_20260901_145914_213636_jpg.rf.2a74bdc04c1cb845fe4f88209344c03f.jpg,10,val,val,9,2026-09-01T14:59:14.213636
camera_20260901_145919_110818_jpg.rf.02738f724b0f11e61f8a67b7f86b258a.jpg,10,val,val,9,2026-09-01T14:59:19.110818
camera_20260901_145920_276293_jpg.rf.fcda41c63e9fe14bb25ca1a0032525af.jpg,10,val,val,9,2026-09-01T14:59:20.276293
camera_20260901_145921_461668_jpg.rf.43cacdfaf45b8b2d8a5d53c7576403df.jpg,10,val,val,9,2026-09-01T14:59:21.461668
camera_20260901_145445_076495_jpg.rf.1b018813bddd307f32f3f8f446f03408.jpg,11,train,train,36,2026-09-01T14:54:45.076495
camera_20260901_145446_761421_jpg.rf.bf993a2c634819a15ecd86be61de65e9.jpg,11,train,train,36,2026-09-01T14:54:46.761421
camera_20260901_145448_358847_jpg.rf.94d8e2dc63bf30e4f115fc6423598ecf.jpg,11,train,train,36,2026-09-01T14:54:48.358847
camera_20260901_145450_407138_jpg.rf.562794d5681344011962c2dcf10ba4b6.jpg,11,train,train,36,2026-09-01T14:54:50.407138
camera_20260901_145452_261616_jpg.rf.b93ae86961ee74ee93fad73fa350e658.jpg,11,train,train,36,2026-09-01T14:54:52.261616
camera_20260901_145454_725462_jpg.rf.3473e7f70597e07a8a57ffbb9d86ba6d.jpg,11,train,train,36,2026-09-01T14:54:54.725462
camera_20260901_145456_501548_jpg.rf.53f7a22991de02018fec3e68bdad4af0.jpg,11,train,train,36,2026-09-01T14:54:56.501548
camera_20260901_145500_293274_jpg.rf.20abc2503f080307bac1937bf87a69e8.jpg,11,train,train,36,2026-09-01T14:55:00.293274
camera_20260901_145501_877644_jpg.rf.e811e5858c3e9b607fce7a2a2f84f6d0.jpg,11,train,train,36,2026-09-01T14:55:01.877644
camera_20260901_145503_237726_jpg.rf.037e8e797353132cdd7b5a73d91d123d.jpg,11,train,train,36,2026-09-01T14:55:03.237726
camera_20260901_145505_350046_jpg.rf.873c7cb5b764c7975c289f39cf9f6634.jpg,11,train,train,36,2026-09-01T14:55:05.350046
camera_20260901_145309_925135_jpg.rf.e1d0a2542956900c619a63c68a9f3635.jpg,12,train,train,46,2026-09-01T14:53:09.925135
camera_20260901_145310_821531_jpg.rf.ecee80813dddff8bdbe289b42edc957c.jpg,12,train,train,46,2026-09-01T14:53:10.821531
camera_20260901_145312_453269_jpg.rf.5d9f96c0d1185e07e13a9322fffc30a5.jpg,12,train,train,46,2026-09-01T14:53:12.453269
camera_20260901_145314_629315_jpg.rf.86e84282eecd213820b6c4e5cdc6762c.jpg,12,train,train,46,2026-09-01T14:53:14.629315
camera_20260901_145317_479794_jpg.rf.12f0c627a2abca1765fde720b3d52922.jpg,12,train,train,46,2026-09-01T14:53:17.479794
camera_20260901_145318_581132_jpg.rf.f3f01920e3831baa11dda95cc7595173.jpg,12,train,train,46,2026-09-01T14:53:18.581132
camera_20260901_145323_077720_jpg.rf.a2834d2f2d9c6cb0ce320226b3eb081b.jpg,12,train,train,46,2026-09-01T14:53:23.077720
camera_20260901_145326_405575_jpg.rf.8256631f1efdf1930e5cc64f0029a534.jpg,12,train,train,46,2026-09-01T14:53:26.405575
camera_20260901_145329_285414_jpg.rf.a53c69b643e9b65632f9aa3b7bc73168.jpg,12,train,train,46,2026-09-01T14:53:29.285414
camera_20260901_145336_775275_jpg.rf.c0a02717159aa185fb2dc2946b74f43b.jpg,12,train,train,46,2026-09-01T14:53:36.775275
camera_20260901_145338_420843_jpg.rf.da745e456dcaaf4c6656bb40392552c9.jpg,12,train,train,46,2026-09-01T14:53:38.420843
camera_20260901_144946_868133_jpg.rf.5d27a1611fc01e5dff2e33b0c1bfc349.jpg,13,train,train,46,2026-09-01T14:49:46.868133
camera_20260901_144948_933627_jpg.rf.eb1a68f0b8ed0ea1c3711c62abf6db9c.jpg,13,train,train,46,2026-09-01T14:49:48.933627
camera_20260901_144950_853815_jpg.rf.03ad56ef51ca6ecaa77e42840bf047a1.jpg,13,train,train,46,2026-09-01T14:49:50.853815
camera_20260901_144952_676453_jpg.rf.ba8b1db6fb1dd83f1a47489f46dcfbf3.jpg,13,train,train,46,2026-09-01T14:49:52.676453
camera_20260901_144954_070433_jpg.rf.0524aab1819ff84c040217e2bb02e14a.jpg,13,train,train,46,2026-09-01T14:49:54.070433
camera_20260901_144958_118329_jpg.rf.16c7e1d7ff1bf1ac36cf4513b3f98017.jpg,13,train,train,46,2026-09-01T14:49:58.118329
camera_20260901_145000_069071_jpg.rf.5f44c850afbbad0f5e613ea5d1feccd1.jpg,13,train,train,46,2026-09-01T14:50:00.069071
camera_20260901_145001_284600_jpg.rf.fdb1d0ece9174944e3be9339665549f1.jpg,13,train,train,46,2026-09-01T14:50:01.284600
camera_20260901_145005_238371_jpg.rf.44e49b316b65bf14502284ff1b637d17.jpg,13,train,train,46,2026-09-01T14:50:05.238371
camera_20260901_145006_965626_jpg.rf.ee1730d183f13d02ad0230c21ba7cae9.jpg,13,train,train,46,2026-09-01T14:50:06.965626
camera_20260901_131929_243118_jpg.rf.a6971a3f171cacdaa6cbaad473313af5.jpg,14,train,train,30,2026-09-01T13:19:29.243118
camera_20260901_131931_418808_jpg.rf.8d2373fe28a326f7d1a8409d9dc3e17d.jpg,14,train,train,30,2026-09-01T13:19:31.418808
camera_20260901_131933_354174_jpg.rf.5a24ac573db8e7f6bdef2ea7894f44ab.jpg,14,train,train,30,2026-09-01T13:19:33.354174
camera_20260901_131938_378034_jpg.rf.8a53918985291bb9e9826b5a5b44b4a7.jpg,14,train,train,30,2026-09-01T13:19:38.378034
camera_20260901_131943_514001_jpg.rf.e0514b26f7104371bf98161617d8ba50.jpg,14,train,train,30,2026-09-01T13:19:43.514001
camera_20260901_131944_907702_jpg.rf.ac7bb3a427833baf5ace44158437613e.jpg,14,train,train,30,2026-09-01T13:19:44.907702
camera_20260901_131949_752921_jpg.rf.8bd3f5e0e4c08403f1b8cbe9d8279c82.jpg,14,train,train,30,2026-09-01T13:19:49.752921
camera_20260901_131953_994345_jpg.rf.447e7ca4e174fe89e24e70434c55e35f.jpg,14,train,train,30,2026-09-01T13:19:53.994345
camera_20260901_131958_362052_jpg.rf.e019faf56ab089b2008c212d55e9c054.jpg,14,train,train,30,2026-09-01T13:19:58.362052
camera_20260901_132000_826422_jpg.rf.ac8b25debe76cbdbc7fcfc66a61c04f7.jpg,14,train,train,30,2026-09-01T13:20:00.826422
camera_20260901_145152_086552_jpg.rf.2f378effb3394f8c6a7c5388552141a8.jpg,15,test,test,45,2026-09-01T14:51:52.086552
camera_20260901_145153_975023_jpg.rf.98d1bfdcd9bd1cbe1e25e1f8ae2c05f6.jpg,15,test,test,45,2026-09-01T14:51:53.975023
camera_20260901_145155_493276_jpg.rf.54bef62d8bbd46a015c7c118ab856207.jpg,15,test,test,45,2026-09-01T14:51:55.493276
camera_20260901_145156_757493_jpg.rf.9d7cfee35ff219115efbd4afae5a6d84.jpg,15,test,test,45,2026-09-01T14:51:56.757493
camera_20260901_145157_877342_jpg.rf.5c640f9d38517d06a6f9a3614a721d71.jpg,15,test,test,45,2026-09-01T14:51:57.877342
camera_20260901_145159_239015_jpg.rf.020899a0c4827f34ae4fcd6f661963ab.jpg,15,test,test,45,2026-09-01T14:51:59.239015
camera_20260901_145200_533401_jpg.rf.cd067f129ee639d9c65bca9932a25eeb.jpg,15,test,test,45,2026-09-01T14:52:00.533401
camera_20260901_145202_181560_jpg.rf.c46d0a5b6025811961756323704d0fa2.jpg,15,test,test,45,2026-09-01T14:52:02.181560
camera_20260901_145203_319353_jpg.rf.9ea70105e38dd1cdc2a8b5f0c7ad419c.jpg,15,test,test,45,2026-09-01T14:52:03.319353
camera_20260901_144853_061557_jpg.rf.4000a62d591fa38ab10af6777e16fa8e.jpg,16,train,train,51,2026-09-01T14:48:53.061557
camera_20260901_144855_237015_jpg.rf.31f81896af971eb339e646d849e88ffe.jpg,16,train,train,51,2026-09-01T14:48:55.237015
camera_20260901_144858_761105_jpg.rf.009d461f8f268369bb5e5b815b33b3ef.jpg,16,train,train,51,2026-09-01T14:48:58.761105
camera_20260901_144903_989332_jpg.rf.840aa8815a45a69202b73491a46c8fe4.jpg,16,train,train,51,2026-09-01T14:49:03.989332
camera_20260901_144907_940857_jpg.rf.72628551270d54ea16823bbb12ee36d1.jpg,16,train,train,51,2026-09-01T14:49:07.940857
camera_20260901_144909_717683_jpg.rf.a256cdc8c3ffc5ad1cc03f8f64845540.jpg,16,train,train,51,2026-09-01T14:49:09.717683
camera_20260901_144911_477229_jpg.rf.faff1a2534568bd9ee469faeaf5529a2.jpg,16,train,train,51,2026-09-01T14:49:11.477229
camera_20260901_144913_206033_jpg.rf.02c5574bdcc8d333ba7c5f3169548c63.jpg,16,train,train,51,2026-09-01T14:49:13.206033
camera_20260901_144814_310936_jpg.rf.8ca4f47709e019f12a921d295ae9d21e.jpg,17,train,train,51,2026-09-01T14:48:14.310936
camera_20260901_144817_097035_jpg.rf.bd8188236214f649d0db22527e1ec178.jpg,17,train,train,51,2026-09-01T14:48:17.097035
camera_20260901_144818_694658_jpg.rf.f43b1401bb0549b9de265e94d4eae371.jpg,17,train,train,51,2026-09-01T14:48:18.694658
camera_20260901_144820_486801_jpg.rf.da1456fd55c33f705b3282f08eb25291.jpg,17,train,train,51,2026-09-01T14:48:20.486801
camera_20260901_144825_349539_jpg.rf.0f35a52f052e6627a9aaa60580504d47.jpg,17,train,train,51,2026-09-01T14:48:25.349539
camera_20260901_144831_512753_jpg.rf.267469c4caadf8cda4fecbe0189f33e0.jpg,17,train,train,51,2026-09-01T14:48:31.512753
camera_20260901_144834_326905_jpg.rf.51831a8d128dcef48075ba23c47c317e.jpg,17,train,train,51,2026-09-01T14:48:34.326905
camera_20260901_144836_549045_jpg.rf.c41d931944661293c9a9415c38247417.jpg,17,train,train,51,2026-09-01T14:48:36.549045
camera_20260901_145656_516497_jpg.rf.285d66c10dbf4c202bef6b85c4bfb12d.jpg,18,val,val,36,2026-09-01T14:56:56.516497
camera_20260901_145658_292986_jpg.rf.6753246cfc7f9cdf61e91ac4bbf115c3.jpg,18,val,val,36,2026-09-01T14:56:58.292986
camera_20260901_145700_516663_jpg.rf.9430861793940e2ca87db918a19272cd.jpg,18,val,val,36,2026-09-01T14:57:00.516663
camera_20260901_145702_373859_jpg.rf.3441f91136dbc0743f10aafdab51453a.jpg,18,val,val,36,2026-09-01T14:57:02.373859
camera_20260901_145704_599077_jpg.rf.5429dd73665d77368fbb42a251f97f75.jpg,18,val,val,36,2026-09-01T14:57:04.599077
camera_20260901_145708_500107_jpg.rf.b91fb58e0e672622c7a5a30be2bd70da.jpg,18,val,val,36,2026-09-01T14:57:08.500107
camera_20260901_145709_766886_jpg.rf.a1e9bf9c7c6e2503b8602f595b719633.jpg,18,val,val,36,2026-09-01T14:57:09.766886
camera_20260901_145936_087465_jpg.rf.d3a2ce681837182641067b5ed7593f53.jpg,19,train,train,9,2026-09-01T14:59:36.087465
camera_20260901_145936_981325_jpg.rf.88e2eb31b9c0911dea49ae3e10e6ecc1.jpg,19,train,train,9,2026-09-01T14:59:36.981325
camera_20260901_145940_422406_jpg.rf.7fed196cd2057f1b6e6c1e4940901b40.jpg,19,train,train,9,2026-09-01T14:59:40.422406
camera_20260901_145941_349666_jpg.rf.cb560862076469689f9766436d533d88.jpg,19,train,train,9,2026-09-01T14:59:41.349666
camera_20260901_145945_238535_jpg.rf.7b97c5a2d2327d6a89c4c9919596b048.jpg,19,train,train,9,2026-09-01T14:59:45.238535
camera_20260901_145946_293056_jpg.rf.4d0dffc1d6eefe600dc7930667a908d3.jpg,19,train,train,9,2026-09-01T14:59:46.293056
camera_20260901_145950_534245_jpg.rf.c43bd18f24db9e29e04e100a9c727501.jpg,19,train,train,9,2026-09-01T14:59:50.534245
camera_20260901_144739_819140_jpg.rf.96034a3b29ebaa91ab6c2d130df6fd30.jpg,20,train,train,50,2026-09-01T14:47:39.819140
camera_20260901_144742_759324_jpg.rf.3e065c73187d65fcae29ff0ae3d34e77.jpg,20,train,train,50,2026-09-01T14:47:42.759324
camera_20260901_144749_061667_jpg.rf.692a3c6d8443e14482a756aee2cad2cb.jpg,20,train,train,50,2026-09-01T14:47:49.061667
camera_20260901_144754_004411_jpg.rf.ea84f8cc1e7c9578c126f66253baca87.jpg,20,train,train,50,2026-09-01T14:47:54.004411
camera_20260901_144757_910354_jpg.rf.89d7a73eedc754465e99d94e18a0fd5f.jpg,20,train,train,50,2026-09-01T14:47:57.910354
camera_20260901_144803_749930_jpg.rf.423fb5fb0ad67750ee10c29b80ac0003.jpg,20,train,train,50,2026-09-01T14:48:03.749930
camera_20260901_144804_966042_jpg.rf.e11fc85199fd2a43a14086536befb8fc.jpg,20,train,train,50,2026-09-01T14:48:04.966042
camera_20260901_144921_527616_jpg.rf.3140db85c89f85fa8fed0a39b95dd9e7.jpg,21,train,train,51,2026-09-01T14:49:21.527616
camera_20260901_144922_949659_jpg.rf.ac07be26097ed284f01168f5008521c6.jpg,21,train,train,51,2026-09-01T14:49:22.949659
camera_20260901_144924_376754_jpg.rf.19387fa72b6f3cdd571bb9917a165771.jpg,21,train,train,51,2026-09-01T14:49:24.376754
camera_20260901_144925_925635_jpg.rf.19e386bff460f4fb3ced28ea92ca3e0f.jpg,21,train,train,51,2026-09-01T14:49:25.925635
camera_20260901_144927_892744_jpg.rf.1e9f3a3a90ec279a3b9b5138e60873fe.jpg,21,train,train,51,2026-09-01T14:49:27.892744
camera_20260901_132107_899250_jpg.rf.2047904803f6948304463f19581d2a1c.jpg,22,train,train,30,2026-09-01T13:21:07.899250
camera_20260901_132110_381792_jpg.rf.a30c7aa1b6585ae7a01a2678bf48dfb9.jpg,22,train,train,30,2026-09-01T13:21:10.381792
camera_20260901_132112_666807_jpg.rf.3a318b4817ab25e0f85224c1679c48d8.jpg,22,train,train,30,2026-09-01T13:21:12.666807
camera_20260901_132117_019740_jpg.rf.65952738ef8dca9fca7a0dba6acece39.jpg,22,train,train,30,2026-09-01T13:21:17.019740
camera_20260901_132120_026340_jpg.rf.3eb41c6676fdfbf0fe7c6b85c1d1663c.jpg,22,train,train,30,2026-09-01T13:21:20.026340
camera_20260901_145627_607033_jpg.rf.e208e77def4df8de99e0c7c4ca4123f4.jpg,23,test,test,36,2026-09-01T14:56:27.607033
camera_20260901_145629_797379_jpg.rf.ed295d88cce78f5fa0fe5863fa5ecbef.jpg,23,test,test,36,2026-09-01T14:56:29.797379
camera_20260901_145637_383120_jpg.rf.ba6825eea37cb62792a2da72dca296fb.jpg,23,test,test,36,2026-09-01T14:56:37.383120
camera_20260901_145643_221571_jpg.rf.c1e238c7dbbed321bd1176c2f3ae1c05.jpg,23,test,test,36,2026-09-01T14:56:43.221571
camera_20260901_145645_477029_jpg.rf.83a5d9a29a78eb1e7f7507845ade8686.jpg,23,test,test,36,2026-09-01T14:56:45.477029
camera_20260901_132009_035472_jpg.rf.22800d46ede92ada0af5a62486fca182.jpg,24,train,train,30,2026-09-01T13:20:09.035472
camera_20260901_132010_203626_jpg.rf.b20be1a395292eecb852195e53953a2d.jpg,24,train,train,30,2026-09-01T13:20:10.203626
camera_20260901_132011_787805_jpg.rf.fcd8911418f73895a0d4997f204423df.jpg,24,train,train,30,2026-09-01T13:20:11.787805
camera_20260901_132013_417769_jpg.rf.4c024b95634afc32db332bc2251b7736.jpg,24,train,train,30,2026-09-01T13:20:13.417769
camera_20260901_132014_600805_jpg.rf.db21418ea9e6691c1d9d004833576fe3.jpg,24,train,train,30,2026-09-01T13:20:14.600805
camera_20260901_150612_784352_jpg.rf.28022cc8564fe80ae7c18e00db080483.jpg,25,train,train,5,2026-09-01T15:06:12.784352
camera_20260901_150614_943612_jpg.rf.c598c212f5d18c721cd6b901e2cd6be8.jpg,25,train,train,5,2026-09-01T15:06:14.943612
camera_20260901_150616_431741_jpg.rf.a6f2f344beb0c10f757cf971b6ae5f12.jpg,25,train,train,5,2026-09-01T15:06:16.431741
camera_20260901_150617_758247_jpg.rf.f89aad3e5d5d831384435956991ede3a.jpg,25,train,train,5,2026-09-01T15:06:17.758247
camera_20260901_150621_822562_jpg.rf.82c4858cc32917c501e38847fb197750.jpg,25,train,train,5,2026-09-01T15:06:21.822562
camera_20260901_132031_369834_jpg.rf.5ed8c7ad2a531b92d5b051f86d432270.jpg,26,val,val,30,2026-09-01T13:20:31.369834
camera_20260901_132033_626058_jpg.rf.7b1fdf1be4cc13c8ce43e161f41faab6.jpg,26,val,val,30,2026-09-01T13:20:33.626058
camera_20260901_132040_889305_jpg.rf.edb61ed79241927b000cd509d10ce31d.jpg,26,val,val,30,2026-09-01T13:20:40.889305
camera_20260901_132044_825776_jpg.rf.28c27920492793d4a38d620285ae8dcc.jpg,26,val,val,30,2026-09-01T13:20:44.825776
camera_20260901_132047_546597_jpg.rf.bbbf58e84cbe7313789a13f109495e1c.jpg,26,val,val,30,2026-09-01T13:20:47.546597
camera_20260901_145242_550853_jpg.rf.94141f60ceae70e5ac063c939227bcc9.jpg,27,train,train,30,2026-09-01T14:52:42.550853
camera_20260901_145245_798219_jpg.rf.c943312250c93bf7161db84a6b79d7ca.jpg,27,train,train,30,2026-09-01T14:52:45.798219
camera_20260901_145246_789687_jpg.rf.0b7f3f3e7be1b4907b87355feba5bff0.jpg,27,train,train,30,2026-09-01T14:52:46.789687
camera_20260901_145247_717587_jpg.rf.ecb3a014fcd8150fa08220f1151d4777.jpg,27,train,train,30,2026-09-01T14:52:47.717587
camera_20260901_145248_580909_jpg.rf.935a8211ef4f66ebe31789c6725ceafc.jpg,27,train,train,30,2026-09-01T14:52:48.580909
camera_20260901_145930_389137_jpg.rf.17e1fc19aaadbdddf832dff054cafc20.jpg,28,train,train,9,2026-09-01T14:59:30.389137
camera_20260901_145931_781424_jpg.rf.dd46b1640f80bc116c7280a2a54e7797.jpg,28,train,train,9,2026-09-01T14:59:31.781424
camera_20260901_145933_174199_jpg.rf.b91e8f22c413b81a22ae3eb31a5ba8cf.jpg,28,train,train,9,2026-09-01T14:59:33.174199
camera_20260901_145934_229768_jpg.rf.877540184c5875f80d13b7be478a2ba6.jpg,28,train,train,9,2026-09-01T14:59:34.229768
camera_20260901_151323_245673_jpg.rf.ff62a1d650a3a917e7e5036ce7e2271a.jpg,29,train,train,,2026-09-01T15:13:23.245673
camera_20260901_151324_544183_jpg.rf.fb974bf7a99f83291caef403cb2f0f1e.jpg,29,train,train,,2026-09-01T15:13:24.544183
camera_20260901_151325_662875_jpg.rf.aee803be521abd8abe5c91ccf716629e.jpg,29,train,train,,2026-09-01T15:13:25.662875
camera_20260901_151327_055471_jpg.rf.e55f263a594f1778cb8bb6c7faa235f6.jpg,29,train,train,,2026-09-01T15:13:27.055471
camera_20260901_145816_549560_jpg.rf.0987b39048839a01bddfbd807f8d57f6.jpg,30,test,test,9,2026-09-01T14:58:16.549560
camera_20260901_145818_166680_jpg.rf.940140222f6361477c2af4894ea32112.jpg,30,test,test,9,2026-09-01T14:58:18.166680
camera_20260901_145819_270480_jpg.rf.7fcbe218a499ffd954753958c1b293d7.jpg,30,test,test,9,2026-09-01T14:58:19.270480
camera_20260901_131914_801928_jpg.rf.03b621de235c3b897212a5e9003a924e.jpg,31,train,train,30,2026-09-01T13:19:14.801928
camera_20260901_131917_145619_jpg.rf.426e699d1dc678d8945399e7812b4a1f.jpg,31,train,train,30,2026-09-01T13:19:17.145619
camera_20260901_131919_320908_jpg.rf.c47207cd4a5caede66066330529e48eb.jpg,31,train,train,30,2026-09-01T13:19:19.320908
camera_20260901_145533_654765_jpg.rf.24619ed3dcf9986dd5859cf32d22713a.jpg,32,train,train,36,2026-09-01T14:55:33.654765
camera_20260901_145539_286853_jpg.rf.d33e61846274ecf9ff96a80022541819.jpg,32,train,train,36,2026-09-01T14:55:39.286853
camera_20260901_145546_677244_jpg.rf.ae9efa2d71ad3089daeca69ba939e93f.jpg,32,train,train,36,2026-09-01T14:55:46.677244
camera_20260901_151346_350919_jpg.rf.8a21fe76bacd7f023fcbe8b0f438fd0e.jpg,33,train,train,,2026-09-01T15:13:46.350919
camera_20260901_151347_870972_jpg.rf.d21a0270b5f428187e8c986f00efc180.jpg,33,train,train,,2026-09-01T15:13:47.870972
camera_20260901_145601_669691_jpg.rf.a7793dbb4fa80b1dbf7c11e508e19d69.jpg,34,train,train,36,2026-09-01T14:56:01.669691
camera_20260901_145603_093266_jpg.rf.d597b477505d67d7ed84722aa8e1a81f.jpg,34,train,train,36,2026-09-01T14:56:03.093266
camera_20260901_145725_477372_jpg.rf.7c1b1d4ecc867ee741ce8b63ebe3d547.jpg,35,train,train,30,2026-09-01T14:57:25.477372
camera_20260901_145729_446290_jpg.rf.f2e2766d239e8a702c7b9b882d70c295.jpg,35,train,train,30,2026-09-01T14:57:29.446290
camera_20260901_145934_917270_jpg.rf.1e32fca5d563a29f9eabe8e137453822.jpg,36,val,val,,2026-09-01T14:59:34.917270
