epoch,time,train/box_loss,train/cls_loss,train/l1_loss,metrics/precision(B),metrics/recall(B),metrics/mAP50(B),metrics/mAP50-95(B),val/box_loss,val/cls_loss,val/l1_loss,lr/pg0,lr/pg1,lr/pg2,lr/pg3,lr/pg4,lr/pg5,lr/pg6,lr/pg7
1,58.2942,1.05231,6.79308,0.02428,0.62893,0.21569,0.22995,0.16602,1.00912,2.48764,0.02704,0.00997085,0.00332362,0.00997085,0.00332362,0.00997085,0.00332362,0.00997085,0.00332362
2,86.8831,1.04152,2.05621,0.02369,0.61286,0.31696,0.37529,0.23355,1.30203,1.75343,0.0374,0.019839,0.00661301,0.019839,0.00661301,0.019839,0.00661301,0.019839,0.00661301
3,115.086,1.13444,1.74444,0.02647,0.6398,0.29244,0.36136,0.23056,1.29486,1.59256,0.03659,0.0295752,0.00985841,0.0295752,0.00985841,0.0295752,0.00985841,0.0295752,0.00985841
4,142.27,1.19617,1.63702,0.02793,0.50949,0.41295,0.46156,0.3114,1.20914,1.36655,0.03554,0.029406,0.009802,0.029406,0.009802,0.029406,0.009802,0.029406,0.009802
5,169.429,1.15738,1.47309,0.02633,0.75344,0.44222,0.54027,0.37102,1.13106,1.10593,0.03169,0.029208,0.009736,0.029208,0.009736,0.029208,0.009736,0.029208,0.009736
6,196.325,1.10486,1.32985,0.02481,0.63768,0.52567,0.58116,0.41167,1.17588,0.99187,0.03166,0.02901,0.00967,0.02901,0.00967,0.02901,0.00967,0.02901,0.00967
7,223.362,1.0717,1.22877,0.02349,0.71953,0.46854,0.59347,0.42284,1.05602,0.90644,0.02671,0.028812,0.009604,0.028812,0.009604,0.028812,0.009604,0.028812,0.009604
8,250.571,1.04302,1.16163,0.02298,0.71851,0.55537,0.65296,0.46365,1.07117,0.82893,0.02819,0.028614,0.009538,0.028614,0.009538,0.028614,0.009538,0.028614,0.009538
9,277.316,1.00498,1.09229,0.02185,0.74914,0.58388,0.65789,0.47432,1.01579,0.75029,0.02542,0.028416,0.009472,0.028416,0.009472,0.028416,0.009472,0.028416,0.009472
10,304.689,0.99297,1.04516,0.02104,0.62456,0.63825,0.68731,0.52159,0.88877,0.75828,0.02177,0.028218,0.009406,0.028218,0.009406,0.028218,0.009406,0.028218,0.009406
11,331.918,0.97619,1.02938,0.0207,0.69309,0.63333,0.71006,0.54647,0.86759,0.70696,0.02042,0.02802,0.00934,0.02802,0.00934,0.02802,0.00934,0.02802,0.00934
12,359.103,0.94516,0.95498,0.02003,0.74736,0.66987,0.7277,0.54163,0.88061,0.63018,0.02039,0.027822,0.009274,0.027822,0.009274,0.027822,0.009274,0.027822,0.009274
13,385.655,0.94201,0.93176,0.01976,0.75476,0.67189,0.75058,0.58219,0.85012,0.65223,0.01958,0.027624,0.009208,0.027624,0.009208,0.027624,0.009208,0.027624,0.009208
14,412.802,0.92747,0.89452,0.01946,0.80867,0.62324,0.74189,0.52887,0.92497,0.66409,0.02144,0.027426,0.009142,0.027426,0.009142,0.027426,0.009142,0.027426,0.009142
15,439.611,0.91717,0.87871,0.01908,0.82506,0.64197,0.75775,0.5773,0.89325,0.61778,0.02241,0.027228,0.009076,0.027228,0.009076,0.027228,0.009076,0.027228,0.009076
16,466.232,0.89489,0.85756,0.01882,0.83412,0.68217,0.78574,0.59914,0.88054,0.58421,0.02111,0.02703,0.00901,0.02703,0.00901,0.02703,0.00901,0.02703,0.00901
17,493.119,0.89713,0.8416,0.01868,0.86634,0.66197,0.75918,0.59015,0.82388,0.5773,0.01915,0.026832,0.008944,0.026832,0.008944,0.026832,0.008944,0.026832,0.008944
18,520.121,0.88119,0.81649,0.01809,0.82325,0.69628,0.79701,0.62406,0.79473,0.52604,0.01823,0.026634,0.008878,0.026634,0.008878,0.026634,0.008878,0.026634,0.008878
19,547.033,0.87649,0.77338,0.01807,0.80694,0.71206,0.8014,0.61618,0.79808,0.50891,0.01755,0.026436,0.008812,0.026436,0.008812,0.026436,0.008812,0.026436,0.008812
20,574.346,0.85955,0.77197,0.01757,0.82606,0.72522,0.80277,0.62408,0.80829,0.52775,0.01829,0.026238,0.008746,0.026238,0.008746,0.026238,0.008746,0.026238,0.008746
21,602.12,0.85672,0.75092,0.01742,0.84437,0.70057,0.8122,0.62942,0.80818,0.51445,0.01828,0.02604,0.00868,0.02604,0.00868,0.02604,0.00868,0.02604,0.00868
22,629.978,0.84891,0.72402,0.01756,0.79507,0.76184,0.82028,0.64254,0.78548,0.50154,0.01758,0.025842,0.008614,0.025842,0.008614,0.025842,0.008614,0.025842,0.008614
23,657.313,0.8326,0.7147,0.01706,0.84573,0.75537,0.84705,0.68346,0.7688,0.50655,0.01748,0.025644,0.008548,0.025644,0.008548,0.025644,0.008548,0.025644,0.008548
24,684.357,0.84354,0.73254,0.01724,0.82789,0.75989,0.83808,0.65654,0.78827,0.48693,0.01769,0.025446,0.008482,0.025446,0.008482,0.025446,0.008482,0.025446,0.008482
25,711.301,0.8313,0.70924,0.01707,0.81923,0.76181,0.83518,0.64993,0.77996,0.49649,0.01714,0.025248,0.008416,0.025248,0.008416,0.025248,0.008416,0.025248,0.008416
26,737.973,0.83299,0.70404,0.01692,0.83668,0.77055,0.83508,0.65505,0.74931,0.44764,0.01683,0.02505,0.00835,0.02505,0.00835,0.02505,0.00835,0.02505,0.00835
27,764.783,0.80801,0.67463,0.01645,0.82267,0.70727,0.80778,0.63249,0.77615,0.48418,0.01784,0.024852,0.008284,0.024852,0.008284,0.024852,0.008284,0.024852,0.008284
28,791.598,0.79939,0.67011,0.0165,0.9068,0.76263,0.85261,0.69282,0.72876,0.43487,0.01652,0.024654,0.008218,0.024654,0.008218,0.024654,0.008218,0.024654,0.008218
29,818.869,0.81197,0.691,0.01637,0.88141,0.75016,0.84115,0.67265,0.75496,0.44591,0.01683,0.024456,0.008152,0.024456,0.008152,0.024456,0.008152,0.024456,0.008152
30,846.432,0.80718,0.65862,0.01635,0.8403,0.75847,0.83938,0.66961,0.74284,0.45955,0.01672,0.024258,0.008086,0.024258,0.008086,0.024258,0.008086,0.024258,0.008086
31,873.523,0.80194,0.66234,0.01619,0.8821,0.749,0.84301,0.65718,0.76763,0.47254,0.01748,0.02406,0.00802,0.02406,0.00802,0.02406,0.00802,0.02406,0.00802
32,901.01,0.78721,0.65855,0.01588,0.80302,0.79307,0.83711,0.66225,0.73867,0.45217,0.01578,0.023862,0.007954,0.023862,0.007954,0.023862,0.007954,0.023862,0.007954
33,928.417,0.79235,0.64148,0.01598,0.86439,0.7764,0.8464,0.67807,0.73659,0.42653,0.01658,0.023664,0.007888,0.023664,0.007888,0.023664,0.007888,0.023664,0.007888
34,956.318,0.77718,0.61979,0.01566,0.82598,0.79099,0.85275,0.66699,0.73562,0.42917,0.01592,0.023466,0.007822,0.023466,0.007822,0.023466,0.007822,0.023466,0.007822
35,983.579,0.77504,0.62473,0.01549,0.89058,0.81285,0.87519,0.69666,0.75512,0.39068,0.01682,0.023268,0.007756,0.023268,0.007756,0.023268,0.007756,0.023268,0.007756
36,1011.22,0.78307,0.63058,0.01559,0.87421,0.81002,0.87001,0.69692,0.7271,0.40449,0.01608,0.02307,0.00769,0.02307,0.00769,0.02307,0.00769,0.02307,0.00769
37,1039.81,0.77144,0.60896,0.01572,0.89616,0.81137,0.85834,0.68853,0.70689,0.38802,0.01549,0.022872,0.007624,0.022872,0.007624,0.022872,0.007624,0.022872,0.007624
38,1066.79,0.75644,0.60121,0.01503,0.88637,0.79095,0.87365,0.69388,0.73923,0.40628,0.01635,0.022674,0.007558,0.022674,0.007558,0.022674,0.007558,0.022674,0.007558
39,1093.35,0.74818,0.58154,0.01513,0.88756,0.80959,0.87482,0.67616,0.73273,0.38605,0.01557,0.022476,0.007492,0.022476,0.007492,0.022476,0.007492,0.022476,0.007492
40,1122.36,0.76463,0.60165,0.01518,0.88379,0.7843,0.88113,0.70815,0.69486,0.38908,0.01499,0.022278,0.007426,0.022278,0.007426,0.022278,0.007426,0.022278,0.007426
41,1150.96,0.75452,0.5717,0.01526,0.87472,0.79875,0.86554,0.67897,0.74181,0.39905,0.01622,0.02208,0.00736,0.02208,0.00736,0.02208,0.00736,0.02208,0.00736
42,1177.93,0.74509,0.57422,0.01478,0.92299,0.79602,0.88807,0.70318,0.72109,0.38084,0.01567,0.021882,0.007294,0.021882,0.007294,0.021882,0.007294,0.021882,0.007294
43,1204.8,0.75143,0.57813,0.01508,0.86072,0.82853,0.88194,0.6962,0.74243,0.39218,0.01638,0.021684,0.007228,0.021684,0.007228,0.021684,0.007228,0.021684,0.007228
44,1231.73,0.74817,0.56286,0.0149,0.876,0.81835,0.87342,0.68492,0.72067,0.37255,0.01519,0.021486,0.007162,0.021486,0.007162,0.021486,0.007162,0.021486,0.007162
45,1258.6,0.75241,0.57197,0.0149,0.8728,0.8237,0.8909,0.69758,0.71623,0.38875,0.01553,0.021288,0.007096,0.021288,0.007096,0.021288,0.007096,0.021288,0.007096
46,1285.12,0.73676,0.55179,0.01448,0.90479,0.81773,0.8916,0.69174,0.72386,0.39456,0.01523,0.02109,0.00703,0.02109,0.00703,0.02109,0.00703,0.02109,0.00703
47,1311.81,0.73951,0.55162,0.01464,0.93345,0.81039,0.89245,0.70347,0.69925,0.36776,0.01486,0.020892,0.006964,0.020892,0.006964,0.020892,0.006964,0.020892,0.006964
48,1338.79,0.72886,0.53304,0.01433,0.91195,0.81916,0.90977,0.73701,0.69922,0.35599,0.0154,0.020694,0.006898,0.020694,0.006898,0.020694,0.006898,0.020694,0.006898
49,1365.67,0.72519,0.51699,0.01441,0.85822,0.87698,0.89168,0.7086,0.7041,0.35223,0.01505,0.020496,0.006832,0.020496,0.006832,0.020496,0.006832,0.020496,0.006832
50,1392.55,0.72027,0.55072,0.01434,0.84703,0.86975,0.90645,0.72398,0.68889,0.36269,0.01474,0.020298,0.006766,0.020298,0.006766,0.020298,0.006766,0.020298,0.006766
51,1419.13,0.72236,0.52107,0.01425,0.86046,0.8445,0.9081,0.72144,0.70483,0.36215,0.01483,0.0201,0.0067,0.0201,0.0067,0.0201,0.0067,0.0201,0.0067
52,1446.65,0.72291,0.52924,0.01421,0.9222,0.81262,0.90066,0.712,0.69274,0.34793,0.01452,0.019902,0.006634,0.019902,0.006634,0.019902,0.006634,0.019902,0.006634
53,1473.47,0.71994,0.50715,0.01408,0.87447,0.84591,0.9131,0.72846,0.69843,0.34275,0.01506,0.019704,0.006568,0.019704,0.006568,0.019704,0.006568,0.019704,0.006568
54,1500.47,0.71428,0.52323,0.01402,0.8549,0.85021,0.90757,0.73704,0.68881,0.34648,0.01485,0.019506,0.006502,0.019506,0.006502,0.019506,0.006502,0.019506,0.006502
55,1527.59,0.70526,0.51488,0.01395,0.88943,0.84859,0.9069,0.71982,0.70428,0.33824,0.01494,0.019308,0.006436,0.019308,0.006436,0.019308,0.006436,0.019308,0.006436
56,1554.37,0.69689,0.51162,0.01357,0.92723,0.83124,0.90707,0.72806,0.6906,0.34001,0.01474,0.01911,0.00637,0.01911,0.00637,0.01911,0.00637,0.01911,0.00637
57,1581.29,0.69792,0.51234,0.01365,0.88162,0.85945,0.9083,0.73088,0.69084,0.36941,0.01492,0.018912,0.006304,0.018912,0.006304,0.018912,0.006304,0.018912,0.006304
58,1608.03,0.70027,0.52238,0.01372,0.91615,0.85341,0.90794,0.71773,0.68119,0.35492,0.01441,0.018714,0.006238,0.018714,0.006238,0.018714,0.006238,0.018714,0.006238
59,1634.93,0.69482,0.50675,0.01384,0.93703,0.8366,0.91953,0.74013,0.6699,0.33853,0.01452,0.018516,0.006172,0.018516,0.006172,0.018516,0.006172,0.018516,0.006172
60,1662.37,0.67824,0.47718,0.01315,0.91814,0.87,0.92374,0.7141,0.69008,0.33234,0.01407,0.018318,0.006106,0.018318,0.006106,0.018318,0.006106,0.018318,0.006106
61,1689.08,0.68074,0.47865,0.01311,0.90043,0.86272,0.9273,0.73325,0.67195,0.3292,0.01386,0.01812,0.00604,0.01812,0.00604,0.01812,0.00604,0.01812,0.00604
62,1716.42,0.68361,0.47396,0.01348,0.90744,0.84871,0.92127,0.74624,0.67094,0.34239,0.01439,0.017922,0.005974,0.017922,0.005974,0.017922,0.005974,0.017922,0.005974
63,1743.59,0.67469,0.46961,0.01308,0.82512,0.88387,0.92096,0.72955,0.6764,0.34599,0.01426,0.017724,0.005908,0.017724,0.005908,0.017724,0.005908,0.017724,0.005908
64,1770.55,0.6773,0.47733,0.01305,0.89276,0.85545,0.9286,0.75004,0.67025,0.33315,0.01437,0.017526,0.005842,0.017526,0.005842,0.017526,0.005842,0.017526,0.005842
65,1797.66,0.67107,0.45421,0.01312,0.85352,0.91174,0.93262,0.74242,0.68193,0.32073,0.01421,0.017328,0.005776,0.017328,0.005776,0.017328,0.005776,0.017328,0.005776
66,1824.65,0.66514,0.46758,0.01299,0.88644,0.87633,0.94314,0.75813,0.66941,0.32491,0.01432,0.01713,0.00571,0.01713,0.00571,0.01713,0.00571,0.01713,0.00571
67,1851.82,0.67307,0.46339,0.01322,0.86804,0.87802,0.92668,0.7485,0.65889,0.33693,0.01398,0.016932,0.005644,0.016932,0.005644,0.016932,0.005644,0.016932,0.005644
68,1878.75,0.66828,0.45917,0.01285,0.94522,0.84701,0.93346,0.7393,0.6802,0.33156,0.01427,0.016734,0.005578,0.016734,0.005578,0.016734,0.005578,0.016734,0.005578
69,1905.71,0.66759,0.4673,0.01283,0.94041,0.85353,0.94286,0.7439,0.68138,0.31539,0.01443,0.016536,0.005512,0.016536,0.005512,0.016536,0.005512,0.016536,0.005512
70,1932.52,0.66615,0.45567,0.01276,0.88232,0.88746,0.94102,0.74803,0.67321,0.32411,0.01423,0.016338,0.005446,0.016338,0.005446,0.016338,0.005446,0.016338,0.005446
71,1959.28,0.66433,0.44395,0.01285,0.91324,0.82258,0.92648,0.75047,0.68343,0.34019,0.01504,0.01614,0.00538,0.01614,0.00538,0.01614,0.00538,0.01614,0.00538
72,1986.41,0.6442,0.44049,0.01246,0.89563,0.85478,0.92783,0.75317,0.66473,0.3182,0.01442,0.015942,0.005314,0.015942,0.005314,0.015942,0.005314,0.015942,0.005314
73,2013.15,0.63945,0.43828,0.01251,0.93296,0.85339,0.9157,0.74784,0.65928,0.31906,0.01408,0.015744,0.005248,0.015744,0.005248,0.015744,0.005248,0.015744,0.005248
74,2039.97,0.64401,0.43013,0.01232,0.86054,0.89956,0.94675,0.76114,0.64343,0.30389,0.01356,0.015546,0.005182,0.015546,0.005182,0.015546,0.005182,0.015546,0.005182
75,2067,0.64794,0.43106,0.01239,0.91523,0.8702,0.94523,0.75394,0.65729,0.30936,0.01363,0.015348,0.005116,0.015348,0.005116,0.015348,0.005116,0.015348,0.005116
76,2093.92,0.64248,0.41467,0.01247,0.93109,0.86264,0.9446,0.75704,0.66245,0.32493,0.01377,0.01515,0.00505,0.01515,0.00505,0.01515,0.00505,0.01515,0.00505
77,2120.81,0.64415,0.43599,0.01236,0.95271,0.84171,0.94417,0.75571,0.65872,0.31678,0.01385,0.014952,0.004984,0.014952,0.004984,0.014952,0.004984,0.014952,0.004984
78,2147.66,0.64222,0.41396,0.01229,0.94668,0.83962,0.94145,0.76822,0.65319,0.30917,0.01387,0.014754,0.004918,0.014754,0.004918,0.014754,0.004918,0.014754,0.004918
79,2174.76,0.6357,0.41792,0.01217,0.94474,0.84964,0.94524,0.75524,0.65854,0.31262,0.01387,0.014556,0.004852,0.014556,0.004852,0.014556,0.004852,0.014556,0.004852
80,2201.66,0.63387,0.41636,0.01221,0.94512,0.84992,0.93984,0.75508,0.67144,0.31998,0.01446,0.014358,0.004786,0.014358,0.004786,0.014358,0.004786,0.014358,0.004786
81,2228.51,0.62411,0.40214,0.01197,0.94791,0.84832,0.94105,0.76304,0.65706,0.30863,0.01397,0.01416,0.00472,0.01416,0.00472,0.01416,0.00472,0.01416,0.00472
82,2255.51,0.62127,0.40411,0.01194,0.93016,0.87606,0.93617,0.75375,0.65292,0.3171,0.01367,0.013962,0.004654,0.013962,0.004654,0.013962,0.004654,0.013962,0.004654
83,2282.18,0.61494,0.39207,0.01175,0.88989,0.8855,0.94426,0.763,0.66518,0.31209,0.0142,0.013764,0.004588,0.013764,0.004588,0.013764,0.004588,0.013764,0.004588
84,2309.05,0.61597,0.40885,0.01183,0.90237,0.89334,0.94569,0.76466,0.65936,0.30732,0.01393,0.013566,0.004522,0.013566,0.004522,0.013566,0.004522,0.013566,0.004522
85,2335.89,0.60907,0.40828,0.01168,0.93893,0.86418,0.94901,0.75764,0.66878,0.31226,0.01407,0.013368,0.004456,0.013368,0.004456,0.013368,0.004456,0.013368,0.004456
86,2362.78,0.60795,0.40578,0.01179,0.93577,0.85478,0.94676,0.76308,0.66714,0.31663,0.01426,0.01317,0.00439,0.01317,0.00439,0.01317,0.00439,0.01317,0.00439
87,2389.5,0.60114,0.38552,0.01143,0.95684,0.85228,0.94729,0.75485,0.67067,0.30627,0.01429,0.012972,0.004324,0.012972,0.004324,0.012972,0.004324,0.012972,0.004324
88,2416.36,0.59665,0.38762,0.01142,0.92222,0.89521,0.94697,0.75849,0.65714,0.30978,0.01391,0.012774,0.004258,0.012774,0.004258,0.012774,0.004258,0.012774,0.004258
89,2443.77,0.58927,0.38074,0.01112,0.85415,0.92545,0.94377,0.75959,0.65197,0.30172,0.01379,0.012576,0.004192,0.012576,0.004192,0.012576,0.004192,0.012576,0.004192
90,2470.73,0.59608,0.38798,0.01136,0.95258,0.85922,0.94854,0.76607,0.64847,0.30339,0.01368,0.012378,0.004126,0.012378,0.004126,0.012378,0.004126,0.012378,0.004126
91,2497.65,0.59492,0.37146,0.01124,0.93778,0.8726,0.94373,0.76462,0.65016,0.29946,0.01388,0.01218,0.00406,0.01218,0.00406,0.01218,0.00406,0.01218,0.00406
92,2527.81,0.57681,0.36756,0.01102,0.87976,0.90459,0.94439,0.75881,0.65413,0.30257,0.01397,0.011982,0.003994,0.011982,0.003994,0.011982,0.003994,0.011982,0.003994
93,2554.36,0.58996,0.36937,0.01121,0.95788,0.85045,0.9529,0.76814,0.66085,0.30243,0.01424,0.011784,0.003928,0.011784,0.003928,0.011784,0.003928,0.011784,0.003928
94,2580.93,0.58542,0.36458,0.01106,0.88511,0.91733,0.95295,0.76424,0.65223,0.2928,0.0139,0.011586,0.003862,0.011586,0.003862,0.011586,0.003862,0.011586,0.003862
95,2607.44,0.5847,0.36019,0.01104,0.96397,0.85622,0.95212,0.7626,0.65268,0.29962,0.01369,0.011388,0.003796,0.011388,0.003796,0.011388,0.003796,0.011388,0.003796
96,2634.05,0.58626,0.36428,0.01087,0.86032,0.92774,0.94959,0.75537,0.65681,0.30933,0.01376,0.01119,0.00373,0.01119,0.00373,0.01119,0.00373,0.01119,0.00373
97,2660.51,0.57983,0.37792,0.01094,0.90614,0.90127,0.9475,0.76476,0.6523,0.30494,0.01374,0.010992,0.003664,0.010992,0.003664,0.010992,0.003664,0.010992,0.003664
98,2687.14,0.57218,0.35834,0.01079,0.89574,0.90349,0.94796,0.75595,0.65856,0.30332,0.0137,0.010794,0.003598,0.010794,0.003598,0.010794,0.003598,0.010794,0.003598
99,2713.64,0.57674,0.35855,0.01074,0.91158,0.88354,0.94925,0.76131,0.64899,0.30093,0.01355,0.010596,0.003532,0.010596,0.003532,0.010596,0.003532,0.010596,0.003532
100,2740.32,0.56422,0.35181,0.01056,0.9396,0.87765,0.9487,0.75982,0.64774,0.29647,0.01346,0.010398,0.003466,0.010398,0.003466,0.010398,0.003466,0.010398,0.003466
101,2767.05,0.56723,0.35594,0.01072,0.96385,0.86581,0.94239,0.76403,0.64058,0.2995,0.01347,0.0102,0.0034,0.0102,0.0034,0.0102,0.0034,0.0102,0.0034
102,2794.1,0.55835,0.35867,0.01039,0.95441,0.86213,0.94544,0.77659,0.63612,0.29215,0.01352,0.010002,0.003334,0.010002,0.003334,0.010002,0.003334,0.010002,0.003334
103,2821.14,0.56235,0.3466,0.0104,0.95786,0.8631,0.94776,0.77566,0.63233,0.296,0.01345,0.009804,0.003268,0.009804,0.003268,0.009804,0.003268,0.009804,0.003268
104,2847.88,0.56182,0.34095,0.01047,0.88951,0.91782,0.94758,0.77267,0.63384,0.29199,0.0136,0.009606,0.003202,0.009606,0.003202,0.009606,0.003202,0.009606,0.003202
105,2874.62,0.53541,0.33745,0.01002,0.94666,0.88136,0.9471,0.77833,0.63219,0.29774,0.01354,0.009408,0.003136,0.009408,0.003136,0.009408,0.003136,0.009408,0.003136
106,2901.48,0.53908,0.33824,0.01007,0.92042,0.89647,0.94686,0.78012,0.63416,0.29564,0.01373,0.00921,0.00307,0.00921,0.00307,0.00921,0.00307,0.00921,0.00307
107,2928.13,0.53745,0.33013,0.01012,0.93532,0.90579,0.94517,0.77846,0.64006,0.29505,0.01383,0.009012,0.003004,0.009012,0.003004,0.009012,0.003004,0.009012,0.003004
108,2954.94,0.54113,0.32906,0.01016,0.92214,0.90051,0.94612,0.77808,0.64094,0.30199,0.0139,0.008814,0.002938,0.008814,0.002938,0.008814,0.002938,0.008814,0.002938
109,2981.73,0.54691,0.33389,0.01007,0.8818,0.91851,0.95009,0.77941,0.63745,0.30056,0.01376,0.008616,0.002872,0.008616,0.002872,0.008616,0.002872,0.008616,0.002872
110,3008.45,0.53159,0.33118,0.00993,0.90091,0.91333,0.94981,0.78582,0.63351,0.30728,0.01371,0.008418,0.002806,0.008418,0.002806,0.008418,0.002806,0.008418,0.002806
111,3035.25,0.53616,0.32086,0.0098,0.90253,0.91479,0.95148,0.78838,0.62784,0.30124,0.01343,0.00822,0.00274,0.00822,0.00274,0.00822,0.00274,0.00822,0.00274
112,3062.54,0.52891,0.31559,0.00987,0.9157,0.9041,0.95085,0.79098,0.62941,0.30907,0.01362,0.008022,0.002674,0.008022,0.002674,0.008022,0.002674,0.008022,0.002674
113,3089.46,0.52064,0.32094,0.00973,0.91779,0.90478,0.95046,0.78888,0.63328,0.30383,0.01375,0.007824,0.002608,0.007824,0.002608,0.007824,0.002608,0.007824,0.002608
114,3116.37,0.51781,0.30973,0.00978,0.93059,0.89425,0.9507,0.79021,0.63323,0.30617,0.01367,0.007626,0.002542,0.007626,0.002542,0.007626,0.002542,0.007626,0.002542
115,3143.07,0.51663,0.31113,0.00954,0.92481,0.88193,0.95251,0.78845,0.63024,0.30408,0.01355,0.007428,0.002476,0.007428,0.002476,0.007428,0.002476,0.007428,0.002476
116,3169.83,0.50789,0.31517,0.00945,0.92909,0.88488,0.95121,0.78653,0.63001,0.30633,0.01342,0.00723,0.00241,0.00723,0.00241,0.00723,0.00241,0.00723,0.00241
117,3196.58,0.50899,0.31917,0.0094,0.91903,0.89206,0.95188,0.78982,0.62758,0.30134,0.01338,0.007032,0.002344,0.007032,0.002344,0.007032,0.002344,0.007032,0.002344
118,3223.25,0.5138,0.31489,0.00949,0.91219,0.89418,0.95221,0.7901,0.62651,0.29947,0.01339,0.006834,0.002278,0.006834,0.002278,0.006834,0.002278,0.006834,0.002278
119,3249.93,0.49881,0.29564,0.00922,0.91062,0.89501,0.95122,0.79306,0.62594,0.29741,0.01334,0.006636,0.002212,0.006636,0.002212,0.006636,0.002212,0.006636,0.002212
120,3276.91,0.49478,0.29746,0.00914,0.91926,0.89965,0.95118,0.79258,0.62179,0.2978,0.01322,0.006438,0.002146,0.006438,0.002146,0.006438,0.002146,0.006438,0.002146
121,3303.24,0.49124,0.29571,0.00912,0.89371,0.90666,0.95103,0.79332,0.61912,0.29503,0.01318,0.00624,0.00208,0.00624,0.00208,0.00624,0.00208,0.00624,0.00208
122,3330.63,0.49307,0.30106,0.00916,0.88278,0.91031,0.95092,0.79839,0.61954,0.29559,0.01324,0.006042,0.002014,0.006042,0.002014,0.006042,0.002014,0.006042,0.002014
123,3358.58,0.49606,0.29078,0.00909,0.87926,0.91245,0.95016,0.79774,0.61741,0.29517,0.01317,0.005844,0.001948,0.005844,0.001948,0.005844,0.001948,0.005844,0.001948
124,3385.16,0.4855,0.29412,0.00888,0.9624,0.85145,0.94901,0.79607,0.61749,0.29154,0.01314,0.005646,0.001882,0.005646,0.001882,0.005646,0.001882,0.005646,0.001882
125,3411.93,0.47597,0.27768,0.00884,0.96316,0.85176,0.94969,0.79572,0.62036,0.29449,0.0132,0.005448,0.001816,0.005448,0.001816,0.005448,0.001816,0.005448,0.001816
126,3438.64,0.48049,0.2998,0.0089,0.94662,0.86446,0.95032,0.79558,0.62243,0.29232,0.01327,0.00525,0.00175,0.00525,0.00175,0.00525,0.00175,0.00525,0.00175
127,3465.6,0.47175,0.27982,0.00874,0.95943,0.85711,0.95215,0.79719,0.62299,0.29387,0.01334,0.005052,0.001684,0.005052,0.001684,0.005052,0.001684,0.005052,0.001684
128,3493.15,0.47783,0.28778,0.0087,0.95014,0.87204,0.95208,0.79726,0.62076,0.29045,0.01323,0.004854,0.001618,0.004854,0.001618,0.004854,0.001618,0.004854,0.001618
129,3520.65,0.47237,0.28468,0.00868,0.96307,0.85795,0.9516,0.79732,0.62215,0.29368,0.01326,0.004656,0.001552,0.004656,0.001552,0.004656,0.001552,0.004656,0.001552
130,3547.41,0.4791,0.2866,0.00874,0.95537,0.8663,0.95217,0.798,0.62161,0.29246,0.01327,0.004458,0.001486,0.004458,0.001486,0.004458,0.001486,0.004458,0.001486
131,3574.29,0.47226,0.27862,0.0085,0.9642,0.86366,0.95106,0.79797,0.62232,0.2912,0.01331,0.00426,0.00142,0.00426,0.00142,0.00426,0.00142,0.00426,0.00142
132,3601.39,0.46121,0.26827,0.00833,0.87186,0.92679,0.9502,0.79874,0.62205,0.28963,0.01331,0.004062,0.001354,0.004062,0.001354,0.004062,0.001354,0.004062,0.001354
133,3628.43,0.45745,0.26885,0.0084,0.88287,0.9293,0.95085,0.79938,0.62164,0.28947,0.0133,0.003864,0.001288,0.003864,0.001288,0.003864,0.001288,0.003864,0.001288
134,3659.96,0.45681,0.25973,0.00837,0.88495,0.92583,0.94743,0.79989,0.62109,0.28845,0.01331,0.003666,0.001222,0.003666,0.001222,0.003666,0.001222,0.003666,0.001222
135,3687.79,0.45546,0.26335,0.00823,0.8913,0.92122,0.94837,0.79861,0.6199,0.28454,0.01326,0.003468,0.001156,0.003468,0.001156,0.003468,0.001156,0.003468,0.001156
136,3715.4,0.44243,0.25918,0.00815,0.87262,0.92695,0.94749,0.7999,0.61846,0.28436,0.01321,0.00327,0.00109,0.00327,0.00109,0.00327,0.00109,0.00327,0.00109
137,3742.7,0.4474,0.26524,0.00813,0.8726,0.92249,0.94791,0.7991,0.61859,0.28674,0.01321,0.003072,0.001024,0.003072,0.001024,0.003072,0.001024,0.003072,0.001024
138,3769.33,0.4489,0.26334,0.00811,0.87157,0.92555,0.95056,0.803,0.61947,0.28858,0.01325,0.002874,0.000958,0.002874,0.000958,0.002874,0.000958,0.002874,0.000958
139,3796.39,0.44508,0.2566,0.00812,0.87045,0.92498,0.95068,0.80392,0.61908,0.28766,0.01328,0.002676,0.000892,0.002676,0.000892,0.002676,0.000892,0.002676,0.000892
140,3823.28,0.43937,0.24905,0.00803,0.89057,0.90717,0.95048,0.80242,0.62063,0.28936,0.01335,0.002478,0.000826,0.002478,0.000826,0.002478,0.000826,0.002478,0.000826
141,3851.02,0.3411,0.11779,0.00752,0.95357,0.8689,0.95012,0.80093,0.62035,0.29265,0.01337,0.00228,0.00076,0.00228,0.00076,0.00228,0.00076,0.00228,0.00076
142,3877.85,0.33784,0.11417,0.00747,0.9615,0.86213,0.95,0.80138,0.62041,0.29318,0.01338,0.002082,0.000694,0.002082,0.000694,0.002082,0.000694,0.002082,0.000694
143,3904.29,0.32939,0.11114,0.00726,0.9591,0.86129,0.94753,0.79949,0.62125,0.29503,0.0134,0.001884,0.000628,0.001884,0.000628,0.001884,0.000628,0.001884,0.000628
144,3930.71,0.32978,0.10926,0.0072,0.95883,0.86327,0.95024,0.80205,0.62078,0.29718,0.01337,0.001686,0.000562,0.001686,0.000562,0.001686,0.000562,0.001686,0.000562
145,3957.34,0.32823,0.11144,0.00716,0.87232,0.92282,0.94993,0.80135,0.61933,0.29564,0.01332,0.001488,0.000496,0.001488,0.000496,0.001488,0.000496,0.001488,0.000496
146,3983.91,0.32536,0.1083,0.00712,0.87448,0.9223,0.94968,0.80082,0.62,0.29182,0.01332,0.00129,0.00043,0.00129,0.00043,0.00129,0.00043,0.00129,0.00043
147,4010.71,0.32239,0.11113,0.00712,0.86652,0.92384,0.95005,0.79975,0.61948,0.29175,0.01331,0.001092,0.000364,0.001092,0.000364,0.001092,0.000364,0.001092,0.000364
148,4037.27,0.31962,0.10641,0.00697,0.91508,0.89321,0.94962,0.79985,0.61962,0.29413,0.01329,0.000894,0.000298,0.000894,0.000298,0.000894,0.000298,0.000894,0.000298
149,4063.99,0.31892,0.10436,0.00695,0.91981,0.89323,0.94961,0.80019,0.61921,0.29465,0.01327,0.000696,0.000232,0.000696,0.000232,0.000696,0.000232,0.000696,0.000232
150,4090.63,0.31145,0.1042,0.00682,0.92179,0.89301,0.94973,0.80057,0.61889,0.29487,0.01327,0.000498,0.000166,0.000498,0.000166,0.000498,0.000166,0.000498,0.000166
